videoID,category,length
dMH0bHeiRNg,Comedy,360
0XxI-hvPRRA,Comedy,194
1dmVU08zVpA,Entertainment,165
RB-wUgnyGv0,Entertainment,159
QjA5faZF1A8,Music,320
-_CSo1gOd48,People & Blogs,205
49IDp76kjPw,Comedy,59
tYnn51C3X_w,Music,231
pv5zWaTEVkI,Music,184
D2kJZOfq7zk,People & Blogs,185
vr3x_RRJdd4,Entertainment,219
lsO6D1rwrKc,Entertainment,164
5P6UU6m3cqk,Comedy,100
8bbTtPL1jRs,Music,267
_BuRwH59oAo,Comedy,63
aRNzWyD7C9o,UNA,308
UMf40daefsI,Music,200
ixsZy2425eY,Entertainment,162
MNxwAU_xAMk,Comedy,140
RUCZJVJ_M8o,Entertainment,11
