videoID,category,views,length
aRNzWyD7C9o,UNA,8825788,308
jtExxsiLgPM,UNA,5320895,269
PxNNR4symuE,UNA,4033376,227
8cjTSvvoddc,UNA,3486368,269
LIhbap3FlGc,UNA,2849832,309
lCSTULqmmYE,UNA,2179562,222
UyTxWvp8upM,UNA,2106933,151
y6oXEWowirI,UNA,1666084,71
_x2-AmY8FI8,UNA,1403113,283
ICoDFooBXpU,UNA,1376215,176
ByM_K-xkcag,UNA,1366452,267
1M4rBszx0S0,UNA,1278863,126
783ynnbiFrI,UNA,1251129,60
0m3SXpZK2Xw,UNA,1227361,407
R0049_tDAU8,UNA,1204982,30
uxkr4wS7XqY,UNA,1179160,195
EErOwBLC28M,UNA,1159333,63
Vx9UxzM3RQk,UNA,1144296,177
SPE8vL5hlFA,UNA,1139728,141
YKYERdJWNOQ,UNA,1121366,71
ZyLx9wB0CMQ,UNA,1042268,147
ZS_g9yPzqKo,UNA,970751,203
eYXU4ebQ2w8,UNA,966384,292
-T7uKvpzVXI,UNA,948206,167
_8cZpOutawE,UNA,928671,66
vw9zrvtuXKI,UNA,921299,152
X8w_-9M5_SA,UNA,887878,157
gVO-XIFYy9Y,UNA,878165,262
HWxFM2bHOA8,UNA,841390,591
BNIU-2-j4no,UNA,837904,151
PQkhCz8JDWw,UNA,805067,91
P421vP8Lans,UNA,800466,107
_poeloXyDmA,UNA,767315,213
roLpFLZvFso,UNA,765154,47
X2u8kzeA4ac,UNA,717305,319
CLH59ewqBMc,UNA,710314,291
61e1h4vALS0,UNA,708173,269
xRap9-3Td8I,UNA,683771,154
t-QsZ8bqYlc,UNA,677620,156
zcWSe3_IIlw,UNA,671521,80
3jLRNiK6oWY,UNA,663407,203
U7vTTiU7Ag8,UNA,662756,254
FHmdvcJmenM,UNA,662587,63
m_pw9vik0BQ,UNA,656108,113
ORs-8GT6SMU,UNA,601761,574
jJIeY_89-rk,UNA,561569,46
UomfLKQr57U,UNA,559393,167
bJS8PGZJS2c,UNA,550071,60
6_blxTE1tKQ,UNA,547829,78
2S2w3DdkKL4,UNA,544101,21
Qgw2z9TAJnU,UNA,527765,342
lkn9pU0bjJ4,UNA,519201,34
rxSyxMB7BAU,UNA,516736,111
hLB96GzlWio,UNA,503474,248
n6fj4hOowcw,UNA,500578,245
TqbRVVazTSs,UNA,500285,131
2C-UiFFVcE8,UNA,487413,269
kDWgsQhbaqU,UNA,486646,320
c8sW2Qzhh38,UNA,455225,299
hQvYysWFZvA,UNA,453865,61
mEgqgo4nzeo,UNA,449069,572
ISBeBuVKXL0,UNA,442338,145
awbijNI8IOs,UNA,438242,117
jlN96i4qfsU,UNA,432392,61
kzExPeTzOUk,UNA,425289,458
VWnZO-pmEYo,UNA,423497,47
xsVyMeKX2vU,UNA,423135,220
8mYL9t8Av10,UNA,420851,28
-vRE27RC9Dw,UNA,419239,52
6OsdchI5yz4,UNA,409708,269
R7V6JsoNpZ4,UNA,401808,180
OhEm4lGKY8k,UNA,397814,260
OJ-ac-uVaFA,UNA,395198,219
GmPLqoOFLIQ,UNA,393664,217
obAmAp9NE6w,UNA,393463,30
q-l93gltkCc,UNA,392420,112
nl4hbHwylYA,UNA,388545,228
ENWnzpUV3YQ,UNA,384165,197
CTtniB6nKg0,UNA,379105,47
6g68Czgo_WE,UNA,377724,209
q1gczVUBjec,UNA,377538,359
iSY_2Jo_hV4,UNA,375984,133
jFoyIcuhqos,UNA,367710,81
pjEfbeDBaT4,UNA,364118,269
KrJOwBdIvQo,UNA,361366,169
XDLCV5Lv_P8,UNA,361311,449
UEoQqHXdrbs,UNA,359986,150
IF3NCIafCBg,UNA,358982,171
Y2z9A-j_BwY,UNA,355285,201
hSp1KRk0tFY,UNA,354965,318
WaK82brgVy0,UNA,354049,31
yT3snJCP30c,UNA,351033,97
_WRWHrsNdYY,UNA,347869,8
_hIDm75Q0yo,UNA,347248,28
BlEiNmVX82Y,UNA,346476,161
ckArWT105kQ,UNA,344503,92
IvTVSCBbfBk,UNA,343700,268
6QNpxUYVOHg,UNA,340334,49
d4IdPKsdCDE,UNA,337484,294
Rbv0nDxTcU4,UNA,337192,295
RjrEQaG5jPM,Autos & Vehicles,2803140,133
cv157ZIInUk,Autos & Vehicles,2773979,30
Gyg9U1YaVk8,Autos & Vehicles,1832224,175
6GNB7xT3rNE,Autos & Vehicles,1412497,28
tth9krDtxII,Autos & Vehicles,1347317,60
46LQd9dXFRU,Autos & Vehicles,1262173,220
pdiuDXwgrjQ,Autos & Vehicles,1013697,61
kY_cDpENQLE,Autos & Vehicles,956665,56
YtxfbxGz1u4,Autos & Vehicles,942604,313
aCamHfJwSGU,Autos & Vehicles,847442,324
Kjaxez9OIX8,Autos & Vehicles,837975,80
3F2k-GWKW-w,Autos & Vehicles,827287,36
mrVyZdvo2cQ,Autos & Vehicles,758128,422
viL8A1QCP_U,Autos & Vehicles,729650,233
ju6t-yyoU8s,Autos & Vehicles,696000,339
Z2LUz2WVcek,Autos & Vehicles,644907,211
un5UbyGRf-o,Autos & Vehicles,622949,121
SlTvSUCCqPo,Autos & Vehicles,527688,126
Jg1uyRJjqaQ,Autos & Vehicles,509105,24
3Xo5GY4kDXg,Autos & Vehicles,491567,72
ZWC2XJYgcJU,Autos & Vehicles,488891,92
Vg79_mM2CNY,Autos & Vehicles,460560,39
8c1GGgXLepY,Autos & Vehicles,435576,120
tpUMSarCSQw,Autos & Vehicles,434937,265
KL3ccJDplzs,Autos & Vehicles,408162,29
nF0k8DM9gdc,Autos & Vehicles,394919,891
gZZayp59WRk,Autos & Vehicles,377713,87
9O0b90G8Yhg,Autos & Vehicles,375275,79
pkiX157qshs,Autos & Vehicles,373499,602
wXnW_Me-w5w,Autos & Vehicles,364956,52
nkfvQvc9ipI,Autos & Vehicles,364351,590
hl2UUunlI2Q,Autos & Vehicles,360678,18
x_YECJcfWko,Autos & Vehicles,359977,124
ENcIZVx-o9c,Autos & Vehicles,344499,125
uUurALr_Ckk,Autos & Vehicles,341582,255
vrcv_AxuV70,Autos & Vehicles,341500,90
C74ZXW2NlSY,Autos & Vehicles,306806,9
zMzeiMJQrvk,Autos & Vehicles,305690,139
WOiWaTSypt4,Autos & Vehicles,300991,85
Y5POVNw8nuQ,Autos & Vehicles,299427,574
U_ubm0MmvAw,Autos & Vehicles,293098,26
AbqR-KmLJ_w,Autos & Vehicles,292618,203
jaWNj-ZkADY,Autos & Vehicles,291858,72
dN6C2qd8bsA,Autos & Vehicles,286833,452
UoCqThjYb4M,Autos & Vehicles,286133,26
fvle0wLOtzw,Autos & Vehicles,283047,47
3LPh_6P8voU,Autos & Vehicles,281709,121
a7Ny5BYc-Fs,Autos & Vehicles,281497,65
Lc2JXrgIE9s,Autos & Vehicles,281460,12
L5vHXDXXHyU,Autos & Vehicles,278389,63
DYxsogSFXa0,Autos & Vehicles,268232,70
FZQuOhBVdNc,Autos & Vehicles,263463,254
4M0dhmVADg0,Autos & Vehicles,256851,58
3XRntxoykZM,Autos & Vehicles,256558,301
S-ppGiwc0wQ,Autos & Vehicles,254582,254
Ggqg6q5xegE,Autos & Vehicles,251025,208
w2UNxis6gKQ,Autos & Vehicles,248861,91
s1ZWJjC648I,Autos & Vehicles,247337,674
2KrPcHdfjeA,Autos & Vehicles,244376,440
egcflbzTJo0,Autos & Vehicles,242322,30
yEkvgrUHtNI,Autos & Vehicles,241748,83
BNN5Lwf_n0U,Autos & Vehicles,239791,106
lubLXFNx6OE,Autos & Vehicles,238571,251
j7rEFxUxxpU,Autos & Vehicles,236914,266
m_86RuYXoJA,Autos & Vehicles,233839,245
6Uo0C01Fwb8,Autos & Vehicles,231935,215
fERkwjEyzBc,Autos & Vehicles,229237,106
LVLZJ90E-q4,Autos & Vehicles,228546,74
xee8BCH-h5c,Autos & Vehicles,227479,343
KLkv1HNgoL0,Autos & Vehicles,224573,30
PpOxMDE0acE,Autos & Vehicles,222674,148
F69F9nT9Hg4,Autos & Vehicles,221727,222
El6OVFhipwM,Autos & Vehicles,219645,41
H4sahA1hZiI,Autos & Vehicles,217138,68
irnI3VE7DNE,Autos & Vehicles,211713,111
ph333p_2y-4,Autos & Vehicles,210385,60
83auuj9BDho,Autos & Vehicles,208095,130
v6Fem5rbLNk,Autos & Vehicles,207458,104
9IOpuGVoyCk,Autos & Vehicles,206742,138
BA7beMULDsU,Autos & Vehicles,203014,402
vnXpwOHdrlo,Autos & Vehicles,195557,13
3L4BrZDwt7k,Autos & Vehicles,191982,162
Om84Zc4-KcQ,Autos & Vehicles,188810,91
VxLn_EHggMQ,Autos & Vehicles,184548,55
CnN9iIvVVto,Autos & Vehicles,182753,186
LRpG_jP13X4,Autos & Vehicles,182662,98
91O72fxX1hU,Autos & Vehicles,182574,423
GRRg_fQRSYI,Autos & Vehicles,181815,8
FyiYq_rvmzU,Autos & Vehicles,180037,30
cwZbK8OZBnk,Autos & Vehicles,178019,45
OoghfzWrNbs,Autos & Vehicles,177240,578
ZeBd_F2Bz5Y,Autos & Vehicles,176429,290
l1hFMHIAjr4,Autos & Vehicles,175868,44
Aqv9Z6W4nCY,Autos & Vehicles,172943,30
woOAmaNagpY,Autos & Vehicles,172289,68
qyHGA1p0wVI,Autos & Vehicles,170462,31
taUwG2tdGfc,Autos & Vehicles,169938,24
kFhQM7R4yjM,Autos & Vehicles,169105,285
uug6TjvRJaE,Autos & Vehicles,168716,478
g2VCfOC69jc,Autos & Vehicles,167952,120
dMH0bHeiRNg,Comedy,42513417,360
0XxI-hvPRRA,Comedy,20282464,194
49IDp76kjPw,Comedy,11970018,59
5P6UU6m3cqk,Comedy,10107491,100
_BuRwH59oAo,Comedy,9566609,63
MNxwAU_xAMk,Comedy,7066676,140
pYak2F1hUYA,Comedy,6322117,290
h0zAlXr1UOs,Comedy,5826923,130
C8rjr4jmWd0,Comedy,5587299,231
R4cQ3BoHFas,Comedy,5508079,134
x20v9F-sWHQ,Comedy,5291783,211
kAMIlPudalQ,Comedy,4750215,569
N6j475XI1Xg,Comedy,4627683,242
6D9p-wmtIJc,Comedy,4292706,185
gx-NLPH8JeM,Comedy,4237062,88
aU6ojtBW0Qo,Comedy,4139812,29
N0TR0Irx4Y0,Comedy,3836122,140
sHzdsFiBbFc,Comedy,3588066,109
plSfKHZZwZ4,Comedy,3390195,328
IzO1mCAVyMw,Comedy,3338990,596
Z4Y4keqTV6w,Comedy,3335232,541
4CTy7Nx0oPI,Comedy,3261154,171
pIqhUCZgwXQ,Comedy,3249095,98
PKnloiM-0Ns,Comedy,3246969,205
U1VmGjJJFrc,Comedy,3191210,83
4wGR4-SeuJ0,Comedy,3085087,286
CQO3K8BcyGM,Comedy,3083875,65
pJsDfLndlKU,Comedy,3071750,123
P1OXAQHv09E,Comedy,3068566,59
x49WZRyXGe0,Comedy,2922110,52
8c3YRPGppPM,Comedy,2899394,188
ofZww-HCJSo,Comedy,2810883,127
r6tlw-oPDBM,Comedy,2788033,86
Q5im0Ssyyus,Comedy,2709425,225
nojWJ6-XmeQ,Comedy,2667887,45
b89CnP0Iq30,Comedy,2665332,42
BIeIWkK0t4s,Comedy,2641924,360
Gw4bQKiLkQ4,Comedy,2627404,190
z34JYwNGFtw,Comedy,2626999,217
SBirGHHzXOM,Comedy,2437954,1468
co9qBme4Dgk,Comedy,2427970,160
PTU2He2BIc0,Comedy,2421139,135
bhcA4Ry65FU,Comedy,2364657,129
JMvMzQ4Vu-8,Comedy,2359461,204
SDeWJqKx3Y0,Comedy,2284906,67
_3y_hX0noR0,Comedy,2263019,172
agEjzQLiuGA,Comedy,2250883,66
BHJ9eUkjWgY,Comedy,2238204,98
UjXi6X-moxE,Comedy,2235680,100
lN5fSkcVzuY,Comedy,2176829,1416
n23_IsU4Uic,Comedy,2164403,22
mCwKbUVyHLY,Comedy,2163340,165
vFP-MktgOKU,Comedy,2151182,1468
bPx266rGw3E,Comedy,2147935,99
BgoOihBb78w,Comedy,2115525,169
m7dnGo_2tZA,Comedy,2083222,86
321f_e8Ap0M,Comedy,2053015,79
YhEl6HdfqWM,Comedy,2019428,308
w-qO8Oywpas,Comedy,1979430,247
pc9y5ayeeb4,Comedy,1959500,143
0I0WfnhVs2s,Comedy,1953577,30
xCIF6JF1O5U,Comedy,1934276,30
mim90zCi34Y,Comedy,1872512,159
-TSWaKWiAhY,Comedy,1847109,146
gKLU1BBTe40,Comedy,1842004,344
B_POuAuoBWY,Comedy,1827151,231
uE-F1yMv8nY,Comedy,1805044,230
vvTU0rlhBVw,Comedy,1792999,284
GN8I2SyEiHw,Comedy,1753869,146
j97V-aMjeTk,Comedy,1742266,116
oc4oP_ITqMc,Comedy,1713532,44
0hderubQMDw,Comedy,1710477,25
cvHeVdlZQPs,Comedy,1707028,187
ogIqayRDr4w,Comedy,1683663,362
mHRqe9L56t4,Comedy,1682363,179
7XkX3BVGSt8,Comedy,1676694,56
_IXd7IZkvbs,Comedy,1655525,37
N2rZxCrb7iU,Comedy,1642687,295
iV6DQuEh4UQ,Comedy,1616157,72
EFKaLfs68Sk,Comedy,1613197,45
pxkcZsSYzn0,Comedy,1588669,81
gbD2gXtNX94,Comedy,1564988,120
bhTeYaqIe3E,Comedy,1562286,29
JdxkVQy7QLM,Comedy,1559639,314
m4l2UUueH5Q,Comedy,1553633,35
Lpt6iwwyTW8,Comedy,1544980,174
2Ote_x2C6CE,Comedy,1516423,179
C0f2dHJ6A18,Comedy,1510728,124
AYxu_MQSTTY,Comedy,1500655,283
DFBHsuruA2c,Comedy,1487775,81
3zvTRQr7ns8,Comedy,1480754,500
nYQ8Ia0lHiw,Comedy,1468662,215
05hDiLTDkFo,Comedy,1455804,248
HCkYfYa8ePI,Comedy,1454131,546
owvO640ODwA,Comedy,1447840,131
MAglt4KPIH4,Comedy,1447415,162
x9YTxff3pHU,Comedy,1445162,367
tdAjGXFJw3s,Comedy,1442213,38
QGQMyN75LFQ,Comedy,1430437,360
WkjbZZ8vqfU,Comedy,1429351,36
1dmVU08zVpA,Entertainment,16087899,165
RB-wUgnyGv0,Entertainment,15712924,159
vr3x_RRJdd4,Entertainment,10786529,219
lsO6D1rwrKc,Entertainment,10334975,164
ixsZy2425eY,Entertainment,7456875,162
RUCZJVJ_M8o,Entertainment,6952767,11
tFXLbXyXy6M,Entertainment,5810013,199
7uwCEnDgd5o,Entertainment,5280504,272
2KrdBUFeFtY,Entertainment,4676195,105
vD4OnHCRd_4,Entertainment,4230610,269
8uwuLxrv8jY,Entertainment,4226517,131
3gg5LOd_Zus,Entertainment,4200257,207
ZpucUihZ4HE,Entertainment,4156380,200
5bry10DU8bo,Entertainment,4085011,270
lFf-kW1E0Tc,Entertainment,4071966,80
qg_8HIwRyrE,Entertainment,3592369,276
o4x-VW_rCSE,Entertainment,3534116,74
xWGU3mpfRoM,Entertainment,3236894,233
kyZRiEJnIag,Entertainment,3133534,32
PIRS95CbJNw,Entertainment,3083565,20
hGOTf3Xl6Qs,Entertainment,3021809,231
B8H29jU8Wrs,Entertainment,2806422,73
e0yX5Ns6gh4,Entertainment,2802303,61
Zt5-wn3fvlw,Entertainment,2742497,210
tScm-eZInBE,Entertainment,2675254,73
PspCAKdqzW4,Entertainment,2637041,130
yRmqZRPgK1w,Entertainment,2631575,268
IsyWlcQAy-Q,Entertainment,2486628,83
EFJ1-VrnRPc,Entertainment,2476944,39
1xXNoB3t8vM,Entertainment,2378328,71
eBXal1GAA4A,Entertainment,2324802,60
NvQScRuZj9s,Entertainment,2318862,151
MC8Zvl-8ziA,Entertainment,2317777,58
MSBykAngDpY,Entertainment,2298815,134
sj3xG81zgP4,Entertainment,2278422,100
G6EhL54Hhrw,Entertainment,2274322,118
DttxKIA_AxU,Entertainment,2271081,145
iYhCn0jf46U,Entertainment,2253008,74
nvbQQnvxXDk,Entertainment,2231992,62
HgtmETjMT7Y,Entertainment,2192326,265
LVCb52iQrfo,Entertainment,2178278,125
l3aLGXOg9Gg,Entertainment,2166101,341
vzSRVgF501M,Entertainment,2149276,99
BFP0q4qzGw4,Entertainment,2127028,225
CqAbPfraJ_g,Entertainment,2008137,63
Ms6BtRYMtpw,Entertainment,2003889,235
pX5gRaxcviE,Entertainment,1957631,45
JFVN59sR4lY,Entertainment,1938429,54
OEmss2lg-ug,Entertainment,1859974,110
kyHhGojrQY0,Entertainment,1856879,280
JZCHpacxl4c,Entertainment,1821792,186
3SCJLlSf21Y,Entertainment,1779922,157
u4MXHPfMYXg,Entertainment,1773478,145
fxSL9mhidAY,Entertainment,1743813,206
OKQ37Adtr3Y,Entertainment,1693426,302
yMB-lOZo0PA,Entertainment,1682354,247
5Lby0i0TUvQ,Entertainment,1651236,14
CuYD2cwMbpw,Entertainment,1649511,88
GzCeoGSSbC0,Entertainment,1647475,213
JahdnOQ9XCA,Entertainment,1613864,69
ihAoSwQqo44,Entertainment,1585001,232
M-ADZmCaVSA,Entertainment,1532853,219
O6iXhXj85bk,Entertainment,1512079,111
3f_7ZSQ3or4,Entertainment,1505579,159
YNJubcVFZz4,Entertainment,1493371,123
CkS2DJ6VX_g,Entertainment,1481931,30
BycvRfhFYlo,Entertainment,1480919,212
txfHVG3ioAs,Entertainment,1467031,143
60og9gwKh1o,Entertainment,1452178,98
Y2Oy8QOoIvA,Entertainment,1450177,95
CwUPAFFRMns,Entertainment,1412312,59
-ZT5mQLy5C4,Entertainment,1369567,75
kNxgxF-7SfA,Entertainment,1364197,30
NJz02Nh99Cs,Entertainment,1354655,25
DUaJLJlTZLk,Entertainment,1333416,108
XkHm8uUuT0o,Entertainment,1325446,171
K1lDBx1gBww,Entertainment,1325049,415
QDdkFkMUsMA,Entertainment,1321601,49
Vz8AuKmItwM,Entertainment,1321534,87
lbcltLf2VHo,Entertainment,1315392,280
0gmoXlNdElM,Entertainment,1308919,205
2fsOsguf0iA,Entertainment,1303342,157
Ll8Qm8yDj-8,Entertainment,1297005,217
LYpFyvyu6XE,Entertainment,1296186,22
VmZqH2cFRgw,Entertainment,1282238,131
QYFvMrIeBbg,Entertainment,1280084,292
S2n1_h3Bvt0,Entertainment,1271990,564
XnJAozfBq7w,Entertainment,1269841,225
c_18CZZwIvE,Entertainment,1254164,111
3OmpnfL5PCw,Entertainment,1251960,56
Ry7DvtXM6qI,Entertainment,1248996,158
c5P6MLiKEJI,Entertainment,1247356,130
vYdt32TVBzg,Entertainment,1239288,712
UY0xwRIGOdc,Entertainment,1233499,125
UnbnaT8If0Q,Entertainment,1220615,47
D5a1f9o-Qyo,Entertainment,1211928,56
Aam1pDl8wnM,Entertainment,1198882,303
sEEEhO8f_YI,Entertainment,1197301,66
p9vujyArcG4,Entertainment,1187604,205
I3l-gRHjUNk,Entertainment,1184938,87
sdUUx5FdySs,Film & Animation,5840839,189
6B26asyGKDo,Film & Animation,5147533,345
H20dhY01Xjk,Film & Animation,3772116,359
55YYaJIrmzo,Film & Animation,3356163,67
JzqumbhfxRo,Film & Animation,3230774,192
eAhfZUZiwSE,Film & Animation,3114215,78
h7svw0m-wO0,Film & Animation,2866490,209
tAq3hWBlalU,Film & Animation,2830024,186
AJzU3NjDikY,Film & Animation,2569611,302
ElrldD02if0,Film & Animation,2337238,318
12Z3J1uzd0Q,Film & Animation,2200478,615
hquCf-sS2sU,Film & Animation,1679051,100
PnCVZozHTG8,Film & Animation,1670515,142
o9698TqtY4A,Film & Animation,1544378,126
pYfTQpsErsM,Film & Animation,1533350,383
Jzx3uCmBIVs,Film & Animation,1531677,420
DbK1eCt97ag,Film & Animation,1489168,208
5BjrOi4vF24,Film & Animation,1421077,83
gwZD59Ic9T8,Film & Animation,1408524,113
jtzdxseO-gs,Film & Animation,1381367,349
fU1jTK5dRsM,Film & Animation,1376608,192
-_CUhQP2lJ4,Film & Animation,1334039,323
z8kJ6Ts4rG4,Film & Animation,1321350,124
zyyCcjbrWOM,Film & Animation,1239748,69
Gm6XszMrw9Y,Film & Animation,1227020,115
Za0m4Sl7FU0,Film & Animation,1172074,4941
qBXr15K2uSc,Film & Animation,1155234,307
UD3En9-HH54,Film & Animation,1154023,234
GUKRzyDMyfA,Film & Animation,1148884,17
qe8UDSdkDIU,Film & Animation,1137967,208
Aus7I7MhaOM,Film & Animation,1124082,238
M6ZjMWLqJvM,Film & Animation,1106827,404
2BN0a5UjQlE,Film & Animation,1105980,258
C8Mkm3QtwgE,Film & Animation,1057726,27
qC_-Nx2CWR4,Film & Animation,992184,64
EGggKaR5lRA,Film & Animation,980732,64
aApTio139yE,Film & Animation,951599,88
p2IoNygc-K0,Film & Animation,947036,207
EBcoo8i33L0,Film & Animation,938814,149
lGG8BKYqiiw,Film & Animation,936298,192
hBRjiLPNJAA,Film & Animation,927340,170
G0smntbxyJ8,Film & Animation,915376,554
xo7Cp3GsyxQ,Film & Animation,866326,97
6LV1SdOyx9U,Film & Animation,865317,91
IC41_2yBaiY,Film & Animation,809785,173
-dcmDscwEcI,Film & Animation,806383,103
MU9Ui4807r4,Film & Animation,782967,282
DbxN_TA28vM,Film & Animation,776754,70
sZ4S-MYoQKQ,Film & Animation,769403,100
topeBoB-ApQ,Film & Animation,768694,59
z8SYHxlH9mI,Film & Animation,764413,68
t7W3bxHFShw,Film & Animation,763738,48
1dCtzl6bGa8,Film & Animation,761868,1386
6qCSahatkbk,Film & Animation,730434,137
pJM39EytAYU,Film & Animation,715928,92
-3JCESdFNyw,Film & Animation,715000,302
MpO6nbuChLg,Film & Animation,687256,87
s3iyAFFElb4,Film & Animation,679469,67
X_WyObcPV_0,Film & Animation,664075,62
20Of_mna-Rs,Film & Animation,654457,620
7IbV7ad2xgY,Film & Animation,646015,91
dPv8psZsvIU,Film & Animation,643264,179
fYy1eD052As,Film & Animation,626472,125
PsrcVV7nsb8,Film & Animation,619397,140
r7Gn2TyEyHw,Film & Animation,613104,151
zRVts7TFw-Y,Film & Animation,607456,309
0vgDkev9NVw,Film & Animation,606702,64
Syxwkc36jas,Film & Animation,603937,309
Zkox6niJ1Wc,Film & Animation,602364,125
pfPUHPnRkSw,Film & Animation,591615,4941
JGLv3IEL0VI,Film & Animation,591394,1263
yuiG78Al3yc,Film & Animation,590507,93
ybDdUDdeuUo,Film & Animation,588460,68
i0tTTGH4Xi4,Film & Animation,585935,111
nwit7f9Q5Wo,Film & Animation,581008,655
CQXw71Akh8s,Film & Animation,580954,219
dyPhCO3LrtQ,Film & Animation,576846,224
utN_KNTkE9c,Film & Animation,573393,330
zaDYr284SUk,Film & Animation,570665,50
4C-u6kdHuXE,Film & Animation,565368,208
hbbfJClypYg,Film & Animation,563306,158
yj6cbM-h8xg,Film & Animation,551588,78
ttmszmNmpwU,Film & Animation,550403,1384
Jy09vLHkIes,Film & Animation,544237,593
ln5Bqv45uKI,Film & Animation,541613,111
144EZ1VRNJg,Film & Animation,539803,601
k0Qpc4UzP9g,Film & Animation,527623,484
Zskcr97mhPE,Film & Animation,524848,1384
_je3hL4ozgU,Film & Animation,523243,655
cYhhfHYZa5s,Film & Animation,520981,296
Kp351bRQM54,Film & Animation,517288,299
XM4E8aW2arQ,Film & Animation,515635,91
a8YXZTlwTAU,Film & Animation,513943,317
YPIqcivB1l8,Film & Animation,506195,273
Z4rsgXlt-dk,Film & Animation,505879,204
GtMnUYl4ib0,Film & Animation,503431,598
n3FdlxMiZHM,Film & Animation,503341,547
kqTHxicmDwM,Film & Animation,503036,107
P4wI_o8gyxA,Film & Animation,502488,148
SC7QBo2a4hQ,Film & Animation,502308,387
pFlcqWQVVuU,Gadgets & Games,3651600,66
bcu8ZdJ2dQo,Gadgets & Games,2617568,76
-G7h626wJwM,Gadgets & Games,2565170,288
oMaTZFCLbq0,Gadgets & Games,2554620,588
GxSdKF5Fd38,Gadgets & Games,2468395,341
z1lj87UyvfY,Gadgets & Games,2373875,210
KhCmfX_PQ7E,Gadgets & Games,1967929,88
2SVMFCZgvNM,Gadgets & Games,1813794,96
gPutYwiiE0o,Gadgets & Games,1633482,614
7wt5FiZQrgM,Gadgets & Games,1399531,62
vqO7zEWu0W0,Gadgets & Games,1334429,210
fpoGKw6L4cM,Gadgets & Games,1265280,117
Hfmx4sZNhXU,Gadgets & Games,1183046,295
-dHtv9DA94g,Gadgets & Games,1174238,787
3zQSWOTS3Gw,Gadgets & Games,1141202,202
GD9DSa3fZf4,Gadgets & Games,1122531,83
LeBO8y5nRYU,Gadgets & Games,1117320,104
RkdihGX7iWM,Gadgets & Games,1105090,73
fWL6j0SvqV0,Gadgets & Games,1014323,145
V-DnK-d_sp0,Gadgets & Games,974888,134
fD7Ie6C2qB4,Gadgets & Games,954981,255
Vbm_-Gk4HZo,Gadgets & Games,888959,25
aLTfOe2SG9Y,Gadgets & Games,860957,140
CfSJt9LVAb0,Gadgets & Games,846864,205
dVUgd8ot6BE,Gadgets & Games,828517,253
IoCD9TwLrVs,Gadgets & Games,815237,195
YcWXL8jpFGs,Gadgets & Games,790976,215
88KNf0MtU14,Gadgets & Games,761498,67
73yDRm8KaWY,Gadgets & Games,742604,332
1kA8h3Wmk8U,Gadgets & Games,741658,116
QKXWAE8YYxY,Gadgets & Games,725870,146
ccWrbGEFgI8,Gadgets & Games,718733,60
Q275Qh4ESao,Gadgets & Games,704572,353
6lZnDvjF50w,Gadgets & Games,696774,211
9p4C7RzSU5U,Gadgets & Games,691338,73
XyZQ4k7Bi-8,Gadgets & Games,677713,99
dHHq1YPaC9g,Gadgets & Games,666595,61
uCsdPszJLNQ,Gadgets & Games,658196,60
NAhR1N5oJNA,Gadgets & Games,652214,240
3FfbOCLzgp4,Gadgets & Games,643093,64
jB89-9X6YS0,Gadgets & Games,635996,168
SILpX2AJ3H8,Gadgets & Games,632077,92
zsTvnwbqGqc,Gadgets & Games,614489,133
eVq1kvXaMMM,Gadgets & Games,611553,525
0m_tBCUNxI4,Gadgets & Games,610636,300
-AzS59SLjtQ,Gadgets & Games,610606,143
asY_I8y6C0M,Gadgets & Games,610220,491
T-x-XXtwpgk,Gadgets & Games,607459,191
SCs66aqCVMQ,Gadgets & Games,604366,84
C9vewx9HnAw,Gadgets & Games,598285,220
oQ9iEDMLZpw,Gadgets & Games,598186,39
d8ZI7gZ_HCY,Gadgets & Games,592920,65
wwLrgxtALWs,Gadgets & Games,584871,2462
4Je5PisYBOc,Gadgets & Games,567059,90
BA4lfktT9BQ,Gadgets & Games,565016,359
gXaYlgbAaoY,Gadgets & Games,564456,386
9J9reui2um4,Gadgets & Games,563352,176
LkCNJRfSZBU,Gadgets & Games,563036,170
WUq3Ihewyj4,Gadgets & Games,554728,375
fmawFfwyVVE,Gadgets & Games,546654,63
HV__H_aTTiE,Gadgets & Games,545944,73
YwOp8WEqlRI,Gadgets & Games,543666,321
y25XCwOBSUQ,Gadgets & Games,542246,1193
PrZQIayUnbA,Gadgets & Games,536125,66
jrTf5JvbeK0,Gadgets & Games,535457,515
D8ATpkCv74E,Gadgets & Games,533501,157
gBuBl6-0Jsk,Gadgets & Games,531963,262
5JcAc0BGMKA,Gadgets & Games,525915,30
UBAoFIBrqbU,Gadgets & Games,520127,258
UyHiIeBsc9E,Gadgets & Games,519812,187
FaUvbncE3Gk,Gadgets & Games,516752,127
k5_z3N3liEA,Gadgets & Games,507367,237
-Y6db6yQEw0,Gadgets & Games,505005,152
cC_zk7yg3Sg,Gadgets & Games,502081,609
zfhZfSVuup4,Gadgets & Games,501170,59
Eh29DoLYa-A,Gadgets & Games,499549,68
Dv2IiehxctQ,Gadgets & Games,497730,1004
NYu6zBQGRNQ,Gadgets & Games,493667,44
SHzL4AfeSDE,Gadgets & Games,488066,60
QB7A_j-MC_I,Gadgets & Games,483054,133
byXKQaYpoSg,Gadgets & Games,482445,195
Sxh1xlp3J_Q,Gadgets & Games,481199,218
sFG96J65Row,Gadgets & Games,480238,77
bDvQknD8hno,Gadgets & Games,479007,354
U-Qw1ClCVN8,Gadgets & Games,477213,212
JgwDpkREn0U,Gadgets & Games,472966,81
bZ3n0gOv9Is,Gadgets & Games,467555,265
NQjj2HZH8-s,Gadgets & Games,463243,172
ipQBFDb_SFI,Gadgets & Games,459735,179
PRjzqc2l6Yw,Gadgets & Games,458910,72
wXrYSEOg3Ro,Gadgets & Games,457287,152
34KxmCQD0V8,Gadgets & Games,457129,91
6RUKkWRK9gU,Gadgets & Games,452039,331
XjUz8IT0CYg,Gadgets & Games,450827,423
UFuKDW5UwDk,Gadgets & Games,447765,171
uH5Y0BJQBdE,Gadgets & Games,446405,197
ELRNZCZtLvs,Gadgets & Games,445469,142
769zkwgqn_I,Gadgets & Games,443009,91
Torg4VAtUhc,Gadgets & Games,439784,71
mbGpacRp1-c,Gadgets & Games,439510,139
hut3VRL5XRE,Howto & DIY,2684989,36
YYTpb-QXV0k,Howto & DIY,2492153,21
Pf3z935R37E,Howto & DIY,2096661,95
Yd99gyE4jCk,Howto & DIY,1918946,84
koQFjKwVFB0,Howto & DIY,1757071,122
f5Fg6KFcOsU,Howto & DIY,1751817,42
STQ3nhXuuEM,Howto & DIY,1713974,39
FtKuBKIaVvs,Howto & DIY,1520774,30
M0ODskdEPnQ,Howto & DIY,1503351,409
uFwCk4UPtlM,Howto & DIY,1500110,278
oVwbUljGs3g,Howto & DIY,1458620,335
qIXs6Sh0DKs,Howto & DIY,1443246,64
PlV8WJ6N3nU,Howto & DIY,1424032,196
zb_cGG1S_UE,Howto & DIY,1420787,377
89sz8ExZndc,Howto & DIY,1380823,210
nuchodZMEps,Howto & DIY,1373896,117
1YX6D_u_5vk,Howto & DIY,1370281,24
HBIW7As0nxM,Howto & DIY,1357136,48
6gmP4nk0EOE,Howto & DIY,1353059,271
DbOZL8sIpT8,Howto & DIY,1352023,26
RUq1cGGHvRU,Howto & DIY,1219955,117
6uvQTTPr9Rw,Howto & DIY,1155651,10
rZb2VlDyYvk,Howto & DIY,1084141,43
NZNTgglPbUA,Howto & DIY,1059145,282
lRRDzFROMx0,Howto & DIY,1035779,372
VuoljANz4EA,Howto & DIY,1034187,239
yISqCAnROh8,Howto & DIY,1015640,13
slioWPRgKeQ,Howto & DIY,1011092,8
1YiOSKCMSe4,Howto & DIY,964449,159
yln46g71x8s,Howto & DIY,948506,308
21Oa7cHnNsA,Howto & DIY,940695,252
f2XQ97XHjVw,Howto & DIY,888812,242
o-JDJs_5kQQ,Howto & DIY,872842,61
0b75cl4-qRE,Howto & DIY,811866,489
a15KgyXBX24,Howto & DIY,795274,233
ZDepABf9JOg,Howto & DIY,771458,194
9ZBcapxGHjE,Howto & DIY,720258,175
VVqiRzj0n3M,Howto & DIY,716037,79
Enq1e3YMON0,Howto & DIY,709321,15
_P8_LNmpFSc,Howto & DIY,695732,214
hc3pcDM_JV0,Howto & DIY,684735,239
CD2X0juwHkU,Howto & DIY,670520,149
YcHHl_m8ocg,Howto & DIY,628738,77
Yx9FgLr9oTk,Howto & DIY,626765,161
B1H_d_7CVPc,Howto & DIY,614373,3
VfwYiAcumzg,Howto & DIY,613862,423
24HwbleM7vY,Howto & DIY,604603,78
2Y_Jp6PxsSQ,Howto & DIY,602495,93
dJWS2b0CVE4,Howto & DIY,590688,593
7zRmffRIifE,Howto & DIY,583634,104
1flVlL4Mf8k,Howto & DIY,569585,55
mcBV-cXVWFw,Howto & DIY,568525,398
GQ3AcPEPbH0,Howto & DIY,558069,404
w2mj-Sq2oeo,Howto & DIY,546579,92
WeWq6rWzChw,Howto & DIY,546450,295
s4B88kWyaLg,Howto & DIY,540964,85
7_rBidCkJxo,Howto & DIY,538292,202
7q2M8SPg4iM,Howto & DIY,534930,353
IYnlS1cEc9Q,Howto & DIY,518782,101
lawkc3jH3ws,Howto & DIY,517040,268
Zq5vXqrIwjE,Howto & DIY,516988,56
9eMWG3fwiEU,Howto & DIY,516184,115
0qEotHQgUsg,Howto & DIY,503509,114
XS3mhjt7TrY,Howto & DIY,480419,197
0h-RhyopUmc,Howto & DIY,472885,211
MPG-LYoW27E,Howto & DIY,461474,192
ECXR4500kZ8,Howto & DIY,456673,409
caAjI5JO_Pw,Howto & DIY,442583,443
Yf39qkvwOhU,Howto & DIY,436293,289
-CewH99F0K0,Howto & DIY,435192,148
qgiUSEpg8Xc,Howto & DIY,434240,56
t4sAtdPr3xo,Howto & DIY,432505,10
1kvdq8cRNBM,Howto & DIY,421383,390
AveJSRL8KgQ,Howto & DIY,418890,60
NOMr_cJlZDw,Howto & DIY,417636,862
annnUk80r58,Howto & DIY,417451,44
IkEu-PdVlK0,Howto & DIY,415742,58
mM-30cmM33s,Howto & DIY,413562,58
KkAtRfA1UXc,Howto & DIY,411893,80
HpovwbPGEoo,Howto & DIY,411427,168
TaIUkwPybtM,Howto & DIY,403769,211
C5oGaZIKYvo,Howto & DIY,400593,142
IkeC7HpsHxo,Howto & DIY,398958,98
6cryezeqBQo,Howto & DIY,393039,227
9F0J6Z3nNPw,Howto & DIY,391332,340
VyzVtTiax80,Howto & DIY,390096,77
Acb5205wCS8,Howto & DIY,374711,144
nq3ZjY0Uf-g,Howto & DIY,373689,164
b9FtT7xTDeE,Howto & DIY,369938,476
EPP7WLuZVUk,Howto & DIY,369932,24
Kx9iPFMriz0,Howto & DIY,368834,436
pfRUMmTs0ZA,Howto & DIY,367002,2445
MDNuq94Zg_8,Howto & DIY,366819,199
a9SQmvDw-9Y,Howto & DIY,366394,228
qpau2vVJBKE,Howto & DIY,358478,478
sF7mh1dgJ2k,Howto & DIY,358101,423
Cz_2vKq5cZk,Howto & DIY,354069,320
HuMS3KDNysM,Howto & DIY,353821,50
pPNgzz870F4,Howto & DIY,352335,96
7tEkKhMVoS4,Howto & DIY,347699,33
QjA5faZF1A8,Music,15256922,320
tYnn51C3X_w,Music,11823701,231
pv5zWaTEVkI,Music,11672017,184
8bbTtPL1jRs,Music,9579911,267
UMf40daefsI,Music,7533070,200
-xEzGIuY7kw,Music,6946033,171
d6C0bNDqf3Y,Music,6935578,178
HSoVKUVOnfQ,Music,6193057,102
3URfWTEPmtE,Music,5581171,250
thtmaZnxk_0,Music,5142238,137
rrdtXxzhBWA,Music,5105822,191
fpfpON3IoeQ,Music,4168886,381
ifxdMZE8zno,Music,4044618,217
jMO3iLq_kAU,Music,3946098,208
synhob08_eA,Music,3909544,196
NINJQ5LRh-0,Music,3794886,184
FLn45-7Pn2Y,Music,3604114,148
seGhTWE98DU,Music,3296342,198
O-tkqpHnxTI,Music,3270046,196
eiiU-Fky18s,Music,3269875,268
bReVwemN5iE,Music,3243467,230
--AsXVzYXJw,Music,3196521,236
WqlEhEf8hLI,Music,3135685,204
A9Shor9Bq_g,Music,2895944,235
h_CayCjo3XA,Music,2792082,236
iNbg20m0HAo,Music,2685563,192
rvXZvj9UObI,Music,2619595,216
gg5_mlQOsUQ,Music,2595278,313
uZlHOlTXhLs,Music,2422579,184
6b9juD3_4K8,Music,2419015,279
Ddn4MGaS3N4,Music,2417724,198
ut5fFyTkKv4,Music,2401671,181
1SRCh2TmE3w,Music,2371870,245
_1Qdcdw22Sw,Music,2367767,296
ToZQ4qbKJGs,Music,2303354,330
mUN2t6ahqX8,Music,2284707,452
Uzgt1FuDR-w,Music,2259446,265
ueOgZPBXY4A,Music,2255132,247
IqUKHT4fUaA,Music,2211753,232
p07GQhBdIPQ,Music,2182136,264
8s_EF1J3f1U,Music,2163272,167
TviTCFAGr6w,Music,2132171,162
RkaUFB-EASI,Music,2080536,169
BZmE3fUKU5U,Music,2077170,508
tvkh29RKFRY,Music,2035437,214
FurDjsCzn0w,Music,1973759,231
innfyQZHPpo,Music,1955782,210
h27hWSeVsAM,Music,1901784,480
l8peSpQ5poY,Music,1895912,238
DBiGFbd5icM,Music,1887962,217
Bqj-n0IG1Ik,Music,1882196,222
0UePKu4dlA0,Music,1833379,522
-mMODUyQUn0,Music,1830018,235
RR_Q3VAyg4I,Music,1819119,46
59ZX5qdIEB0,Music,1814798,205
c1bwMOc0I7Y,Music,1771140,36
KsDrbnl_WHI,Music,1770715,108
o_uln6CurFk,Music,1767646,319
TcreqQqyhtU,Music,1727996,204
ldVc2tHCdLQ,Music,1719291,139
FFtICBASrpY,Music,1701447,252
Ud_-AuBmp6Q,Music,1683810,238
6jL7bYdA7WI,Music,1683787,247
KtIiA6rMMFo,Music,1677138,76
areyUfCNFxY,Music,1659490,32
FzBht22d4ts,Music,1656603,110
uzA0nG_PurQ,Music,1650594,204
P4xN6kFnXuA,Music,1618312,308
kQ-TZk4gPKM,Music,1608276,235
S_P-aYADTkw,Music,1581878,114
yTTZKqyhIUQ,Music,1561616,215
vo7Sng5Jeb0,Music,1561410,183
9FcBnaLjxY4,Music,1514231,248
Rjq6uoyAh9Y,Music,1457134,244
XkCfh7ayDms,Music,1449057,205
Ehvfi68HiWI,Music,1435527,204
Re1XEmjNG6c,Music,1433145,216
7En9uIDdc50,Music,1423559,217
eXRm8zL52-s,Music,1410811,18
kkndEMii6YM,Music,1392250,379
dnoCtIKj_ZI,Music,1381448,240
wPJ-xRaw2l8,Music,1380699,313
jL52a4bp7mM,Music,1373681,208
bKRZv6NGjdc,Music,1359050,291
VqeLuQLVetQ,Music,1357983,129
RYQUsp-jxDQ,Music,1344946,209
oUKaeDwKP2A,Music,1343132,271
vjvVBCNcL_A,Music,1341720,161
k7zzbB17Fvo,Music,1341032,238
5LUQw5-Omp4,Music,1340573,196
r2BOApUvFpw,Music,1334729,196
oP-WT3apPwA,Music,1321298,210
H7MbFDOWUrc,Music,1319747,203
zZfKSYZXScc,Music,1319610,250
EkTpUxh8Vxc,Music,1307993,114
j-owRq3WFYE,Music,1306528,280
MGAQIpd-row,Music,1284689,217
B6GR-FgiFHg,Music,1271821,215
rPYkn82nz18,Music,1268316,551
EvXsDTi905c,Music,1262841,262
hr23tpWX8lM,News & Politics,4706030,188
YgW7or1TuFk,News & Politics,2899397,265
nda_OSWeyn8,News & Politics,2817078,123
7SV2sfoPAY8,News & Politics,2803520,100
HBa9wdOANHw,News & Politics,2348709,299
xDh_pvv1tUM,News & Politics,2335060,166
p_YMigZmUuk,News & Politics,2326680,127
QCVxQ_3Ejkg,News & Politics,2318782,96
a9WB_PXjTBo,News & Politics,2310583,37
qSM_3fyiaxM,News & Politics,2291369,1221
UtNeXMxVmU8,News & Politics,2197224,1491
qdS5lkeN8_8,News & Politics,2091042,140
qkq0w6ua_Sg,News & Politics,2085637,133
46wakJ8oggM,News & Politics,1949206,320
VXwarrIYLJ4,News & Politics,1881670,594
B2R1RC8c_8Q,News & Politics,1871550,224
J8krm6ZFkNc,News & Politics,1862477,62
AVESRceJL5k,News & Politics,1823451,285
n8TbH7riJIo,News & Politics,1548404,580
c2fnvYH-fUU,News & Politics,1546402,584
zsSSEWg_NJg,News & Politics,1535927,1494
9Ml4o2xuk64,News & Politics,1525871,949
k8x14cLGh5o,News & Politics,1431638,145
gGEFrL0-G1E,News & Politics,1372710,38
L75Gga92WO8,News & Politics,1224860,191
J0Qu6eyyr4c,News & Politics,1215711,49
3UwJabtvSUQ,News & Politics,1143646,50
-HlaVpqUXF0,News & Politics,1096789,84
rU8iYeAzL1U,News & Politics,1089511,163
bfZ_gXCHaMw,News & Politics,1039066,68
WYNI5RPOlp4,News & Politics,1003997,601
UnWVOOIpzZY,News & Politics,995056,509
AyvrqcxNIFs,News & Politics,973034,413
3KiAvmzcZbg,News & Politics,972658,69
edoAuxxiZjo,News & Politics,918935,1411
vLuMWiQ6r2o,News & Politics,907282,10
pIvdHzD-G3w,News & Politics,896814,557
4G-D0F4Q9yk,News & Politics,882123,275
7h3GPc_yMCE,News & Politics,846046,93
TAaP4Z3zls8,News & Politics,834585,202
AWnhTJCvBVU,News & Politics,774475,26
l8VaJ_vn5kI,News & Politics,745356,249
cfnn7wTgoE8,News & Politics,739075,227
nguJQ_dRPXw,News & Politics,736159,61
WBHNy-MPSJ4,News & Politics,731468,75
0dguKikz7Ec,News & Politics,720171,97
9lVSub2wsys,News & Politics,718099,230
G-9GZmkqglI,News & Politics,714418,92
K8hfK3RQs2g,News & Politics,699707,325
egat8JwGpos,News & Politics,680621,729
q31nA6LCMxE,News & Politics,679768,88
JxKQb03A0bw,News & Politics,671479,41
vPl6QeK87sM,News & Politics,668597,107
QlFtBxGcgDg,News & Politics,664002,201
zx2ytr2Oyv4,News & Politics,647446,220
7QyUQwzBrwE,News & Politics,647335,127
TvQmrtuQUnI,News & Politics,631760,77
L-QIiZXW1RE,News & Politics,630224,77
hr2TFLlA3jA,News & Politics,625307,26
1MaZIkk7fNI,News & Politics,621746,202
yPu19jOcJF4,News & Politics,605425,51
5g7zlJx9u2E,News & Politics,603565,413
gmo1ef7tVso,News & Politics,593360,67
whhbPVrb5KM,News & Politics,584891,608
8Sm1XLivzXg,News & Politics,578250,528
JvqESlaomHc,News & Politics,568288,467
tEcz9T3MuL4,News & Politics,545771,133
zRScbtfsdjc,News & Politics,541901,125
doNUGq7UTiQ,News & Politics,535792,232
qmjvSM3x86o,News & Politics,535103,92
xOJnKgsWPGw,News & Politics,530058,240
vhBzPV9FOgA,News & Politics,527352,60
o8lsjfjgAA8,News & Politics,526636,441
UBaDfue_Rys,News & Politics,511993,130
d3KJPe-zwlc,News & Politics,503066,279
4ryBd0Er5Jo,News & Politics,501822,60
w9ygYqj4rVM,News & Politics,495912,137
Gp0HyxQv97Q,News & Politics,484420,1374
n31jN99EFro,News & Politics,471632,464
-oV0XBIFTqo,News & Politics,468847,79
-JLNrIu7kx4,News & Politics,450561,32
4YDOHpzskeM,News & Politics,447706,123
t45FODsT73o,News & Politics,447100,306
pw4Bhmm22xo,News & Politics,442164,271
249JaIaubVw,News & Politics,438561,558
8eiJHStznWA,News & Politics,429947,352
qHO8l-Bd1O4,News & Politics,425284,282
W3CdNgoC0cE,News & Politics,421858,413
3XG-BzZh_II,News & Politics,421509,239
_ikK97WlJzY,News & Politics,419335,307
XW4xQF4J8Qk,News & Politics,416927,305
z1bW3FG5tqA,News & Politics,410367,207
EI5dGM_l9l8,News & Politics,408987,162
5t2kuQuh5Ts,News & Politics,408815,446
j3Zvsd55CkE,News & Politics,405691,200
nNAlQAPNy2k,News & Politics,397971,80
ZdhRpyhhgfs,News & Politics,396185,328
5pevhFjMDt4,News & Politics,392034,12
QMliHkTDHaE,News & Politics,388121,41
vrcl3FoURA0,News & Politics,377393,411
-_CSo1gOd48,People & Blogs,13199833,205
D2kJZOfq7zk,People & Blogs,11184051,185
pa_7P5AbUww,People & Blogs,5705136,407
f4B-r8KJhlE,People & Blogs,4937616,253
LB84A3zcmVo,People & Blogs,4866739,183
tXNquTYnyg0,People & Blogs,3613323,19
EYppbbbSxjc,People & Blogs,2896562,218
LH7vrLlDZ6U,People & Blogs,2615359,347
bTV85fQhj0E,People & Blogs,2192656,139
eVFF98kNg8Q,People & Blogs,1813803,252
azgBhZfcqaQ,People & Blogs,1805031,235
VZvm5H4F-aA,People & Blogs,1781076,170
12Z6pWhM6TA,People & Blogs,1663371,55
tjCl2rOYau0,People & Blogs,1627075,84
QgmCBKPHnSY,People & Blogs,1586111,167
OkXH7hBbDI0,People & Blogs,1584785,72
JgMZpHF64K8,People & Blogs,1583141,65
C_QN1qd1g38,People & Blogs,1475450,231
uWEOnBKPhEA,People & Blogs,1454274,203
1LILp1iyKVg,People & Blogs,1449794,244
c2uNgGhDr9E,People & Blogs,1427099,100
vLe8WQN7jv4,People & Blogs,1399923,101
Wp8cD1Ql3uU,People & Blogs,1237912,145
PL4Uzun4CKA,People & Blogs,1235410,143
dZN-Wye4rDE,People & Blogs,1180671,112
urIZ0bqo7dU,People & Blogs,1135656,445
CXQO9ypnou0,People & Blogs,1069118,167
RKILQPBcVTI,People & Blogs,1066264,261
5_ARBWKpfA4,People & Blogs,1018687,69
Kd15ku_BVR0,People & Blogs,1006299,182
ZtH7DTu-DgI,People & Blogs,1004805,138
_2i4zPKdojs,People & Blogs,993455,486
rafpJ7DzqQ4,People & Blogs,934924,90
sHKMgugwI-g,People & Blogs,934322,92
J4YjmwCs6H0,People & Blogs,922235,20
HZjHTviwDh4,People & Blogs,907642,402
XJ87kBN0Nhk,People & Blogs,902353,97
pkoJR7xOE6Q,People & Blogs,888265,96
6OUcp6UJ2bA,People & Blogs,876232,173
OMFdoe7uYPo,People & Blogs,865776,11
UlkzgI_jNUg,People & Blogs,841492,183
dYUtKKbBTkw,People & Blogs,818482,548
kH8cS1AkqiI,People & Blogs,815884,40
8FxAF2Oyhfc,People & Blogs,808656,277
FOyRWuklsiQ,People & Blogs,798236,927
L9LZlRoOjRI,People & Blogs,795845,103
O_6wBubwXBM,People & Blogs,795660,74
H4OEUHY9CeI,People & Blogs,793812,12
UxqNsUbWlHc,People & Blogs,785491,40
WwJN_PYMBlo,People & Blogs,767419,101
kzwa8NBlUeo,People & Blogs,759912,97
fvaWknQSvOU,People & Blogs,758164,134
RHTAT_UPm18,People & Blogs,749475,202
E8kZBDde8XA,People & Blogs,744759,236
4IwcBADkz3w,People & Blogs,726727,216
o8h6yXREbV0,People & Blogs,714961,599
K2xhE3sGOhI,People & Blogs,714412,117
8SqZZsCD7Ec,People & Blogs,712513,35
fJuNgBkloFE,People & Blogs,702309,348
_ftneFA6HC4,People & Blogs,695202,87
-BTwJ-QPMao,People & Blogs,686596,85
E49tl1fAYKc,People & Blogs,684206,208
kjl6jICfpVw,People & Blogs,666620,576
PbUtL_0vAJk,People & Blogs,665152,1047
ARTRCduC0nA,People & Blogs,654221,255
aqN-3A9_QwA,People & Blogs,644081,269
gb6ElHeoFGo,People & Blogs,638773,579
Sg4d8oBB9yY,People & Blogs,638712,201
5LELNIVyMqo,People & Blogs,635085,55
qSxeTjFBPUU,People & Blogs,630949,371
Ble9N2kDiGc,People & Blogs,619441,238
q7oSpnXd5GY,People & Blogs,618111,136
Z23kVxwvzxM,People & Blogs,604873,67
sl7sV98QgfE,People & Blogs,598901,248
Z9m0oR49SzI,People & Blogs,597920,258
kBVmfIUR1DA,People & Blogs,588196,275
hWUp6ElRayE,People & Blogs,575250,216
XEZiLlgX3XI,People & Blogs,573519,3
iRdv_VNPe7g,People & Blogs,572426,238
mUd0hcEnHiU,People & Blogs,555509,231
IAY5q60CmYY,People & Blogs,553020,123
9sEUIZsmTOE,People & Blogs,550486,167
UmWkkRm-DbE,People & Blogs,547894,170
58zh4Lby8Qc,People & Blogs,546498,207
LLDj9Y4wvbI,People & Blogs,545433,335
ihhEp3uTZck,People & Blogs,533936,185
4JpAdz8C2SA,People & Blogs,533210,169
aCB38zFfRKw,People & Blogs,529326,398
PaiJIbweU6g,People & Blogs,528105,106
IOBjjqW93iU,People & Blogs,525253,272
iRO4JP81HPo,People & Blogs,524300,108
m3TcpQTm6gM,People & Blogs,523330,70
_zjfpdRlbbA,People & Blogs,520157,242
n9drNlclSzE,People & Blogs,510988,88
pz_THY064_w,People & Blogs,505732,93
FeQLg51b-s4,People & Blogs,503944,231
rWJVZscPAtg,People & Blogs,500292,59
256hF_Gghkw,People & Blogs,495760,266
jquXcwooV6A,People & Blogs,492426,100
c8iGX4lL4hQ,People & Blogs,486049,155
2GWPOPSXGYI,Pets & Animals,3660009,27
xmsV9R8FsDA,Pets & Animals,3164582,116
12PsUW-8ge4,Pets & Animals,3133523,27
OeNggIGSKH8,Pets & Animals,2457750,32
WofFb_eOxxA,Pets & Animals,2075728,169
AgEmZ39EtFk,Pets & Animals,1999469,32
a-gW3RbJd8U,Pets & Animals,1836870,21
8CL2hetqpfg,Pets & Animals,1646808,293
QmroaYVD_so,Pets & Animals,1645984,32
Sg9x5mUjbH8,Pets & Animals,1527238,28
CWej4ZbrbbM,Pets & Animals,1428517,71
l9l19D2sIHI,Pets & Animals,1422837,54
7bcV-TL9mho,Pets & Animals,1321295,69
d9QwK5EHSmg,Pets & Animals,1309202,344
ULmKmi9ac0c,Pets & Animals,1298617,69
DLdrn4Q15os,Pets & Animals,1289502,40
riYogY1PXe0,Pets & Animals,1216959,15
UnFV-fvgOu0,Pets & Animals,1156628,26
LHyJH1yGKZY,Pets & Animals,1085020,81
Qz_nZixWX6Q,Pets & Animals,1027067,29
jyPY9SmhvQU,Pets & Animals,1009953,24
c2Qlw3pzWv4,Pets & Animals,995159,227
vdQj2ohqCBk,Pets & Animals,965159,96
Bz8NQdgj-iY,Pets & Animals,948380,63
TZ860P4iTaM,Pets & Animals,913436,168
GdQTHadneLs,Pets & Animals,860195,276
0WdmIdgBj6A,Pets & Animals,859656,43
Bo6xt3uUsaQ,Pets & Animals,803812,60
tcxhOGyrCtI,Pets & Animals,750312,38
nO3jk72MgW0,Pets & Animals,733373,58
Y2x2dIlfLU4,Pets & Animals,661785,330
mO7zBOo508w,Pets & Animals,657817,58
CsPaVEgdRsg,Pets & Animals,637787,151
apT9d22CmS4,Pets & Animals,631841,15
5JAYKw-x6qE,Pets & Animals,607729,70
bXvTg3ISDoQ,Pets & Animals,592651,90
dtLzvOsQ80k,Pets & Animals,591242,14
GVzJj9Bio5g,Pets & Animals,586042,70
-Mvg2creZ6w,Pets & Animals,578723,20
go4MqVq9HVM,Pets & Animals,577792,29
VKGQj8nr5fs,Pets & Animals,559689,527
3APJA0EedSE,Pets & Animals,541694,333
l_Hjpa5TXes,Pets & Animals,518611,28
6eLIMc4khe0,Pets & Animals,514911,75
jFaql2aR60k,Pets & Animals,493695,98
kkT7A3jegBc,Pets & Animals,492293,113
unKjYBujU-U,Pets & Animals,487382,143
YXRH50fvHWA,Pets & Animals,482734,67
cc2hnupC_6E,Pets & Animals,482479,80
JZAHl5_LTGQ,Pets & Animals,473185,240
_Ez5QPW-ku4,Pets & Animals,464192,57
m45XxBONRFI,Pets & Animals,463316,48
u0xWS2JfpEw,Pets & Animals,461542,295
seclqmlxLic,Pets & Animals,451864,77
WnIzxfUl5rQ,Pets & Animals,443635,279
gVEVUxyxBJc,Pets & Animals,402414,42
y0LQ3ZmtKQM,Pets & Animals,397627,74
p2Nc1kvAF3A,Pets & Animals,387112,127
W2CPr1zXqDU,Pets & Animals,384183,40
4Dna0oWu_EU,Pets & Animals,381740,28
CwbAEj_rkJE,Pets & Animals,374885,132
rxavbL56GyQ,Pets & Animals,361347,575
3fHbNlxRNBQ,Pets & Animals,345905,31
IJxxkFRFrek,Pets & Animals,341140,18
PJt3r9jv9r8,Pets & Animals,332046,100
KBSOeUCzefQ,Pets & Animals,317237,157
7tRWRSfcDuQ,Pets & Animals,302147,37
5jr9uAGkov4,Pets & Animals,302131,406
qLXHvBFG-CI,Pets & Animals,295746,309
YwNi8dzj0S8,Pets & Animals,293258,10
UXmqnAHa4Vs,Pets & Animals,289912,123
ZnPnGeUwfB8,Pets & Animals,289653,38
SkAM_31SU0U,Pets & Animals,289300,92
gBPP7wYV8dw,Pets & Animals,287723,130
1-d1DiNcVIU,Pets & Animals,285978,103
pzrhVh1Sazs,Pets & Animals,281328,452
In_6oznCZw8,Pets & Animals,272668,26
kUHTXSZgzHU,Pets & Animals,259493,149
pUWd4j2T-RQ,Pets & Animals,255787,34
z7wQQncEwyU,Pets & Animals,254135,96
MYAo2LmS-bY,Pets & Animals,249054,80
2f5gBFMMmGc,Pets & Animals,243667,110
gLt2OQl1Qdc,Pets & Animals,241367,240
zcKOQrz19Yg,Pets & Animals,233786,263
LbmbQkX7czo,Pets & Animals,231319,127
FlOLYfhK4AY,Pets & Animals,231265,126
Us8xpwzszW4,Pets & Animals,228322,370
TuXJqqfemXA,Pets & Animals,228184,231
HmKO-QMyLc4,Pets & Animals,227756,133
oNQmtSi0O94,Pets & Animals,222425,57
jsqyv9iNulU,Pets & Animals,222157,33
6yVj5OtbA30,Pets & Animals,218268,28
GbsIYGlZXM8,Pets & Animals,218128,60
gStbB7KzQnw,Pets & Animals,214412,70
v8HZAC8LF7Y,Pets & Animals,213205,88
rhP3f-ul5LE,Pets & Animals,213165,128
aTBOFCDZpYQ,Pets & Animals,209845,66
pF6eSUnsA7w,Pets & Animals,205980,22
9ERZ5lVBQic,Pets & Animals,204840,77
m-VBBAVIklU,Pets & Animals,200740,25
Ugrlzm7fySE,Sports,2867888,77
q8t7iSGAKik,Sports,2735003,225
7vL19q8yL54,Sports,2527713,18
g3dXfFZ6SH0,Sports,2295871,134
P-bWsOK-h98,Sports,2268107,263
HD8f_Qgwc50,Sports,2165475,178
qjWQNwv-GJ4,Sports,2132591,219
eN0V-rJQSHE,Sports,2124653,185
fM38G1450Ew,Sports,2052778,1346
3PGzrfE8rJg,Sports,2013466,66
8X2_zsnPkq8,Sports,1825021,196
XaXz-dryqLg,Sports,1447980,299
EpG4AHlZrL4,Sports,1386287,312
hEGMOOqxEAg,Sports,1368003,399
fkrq1TtrsJo,Sports,1360705,245
O5OpaklUYyo,Sports,1316006,307
KtdYsd_QRmc,Sports,1244291,185
KJfW3hrzAz8,Sports,1185619,68
u2pW7PSyZhw,Sports,1160798,150
CJRBboFXWno,Sports,1110660,31
ylMqeyMgsxs,Sports,1037744,97
0sBHcYCI85Q,Sports,1032594,217
OfT--XgKSvw,Sports,1020274,203
aQzouHoIRkU,Sports,993374,162
yeXoxNP8_xY,Sports,954705,1351
Jm9yDKizlpA,Sports,952568,219
Xuopg3MWA9M,Sports,906460,55
Rd8AJdcnw4A,Sports,865866,226
bvZ2roRDPYU,Sports,835156,308
LwbuDYcrUOo,Sports,826892,160
0_Ikq-zM4_4,Sports,823332,269
TyuUcfiUVTU,Sports,823065,482
b3HNX3JIS_o,Sports,816265,399
LgffdQG_hxk,Sports,814591,154
OFxXSXGd4hs,Sports,789121,236
beDg2Iy_mSQ,Sports,752076,210
PDj8WqdzcO0,Sports,746549,3
Bzh7ZmDdXkY,Sports,745112,51
eXGbllfUYrs,Sports,736371,183
z5hBInuQrJA,Sports,733984,91
4Ey0NQVFo9A,Sports,723411,22
JEbYtOEftc0,Sports,701949,504
WJPKM5aJGW8,Sports,700621,150
sPIN4MCnjbY,Sports,700386,189
tSQGJxzeayo,Sports,694128,242
78ANu_CVGpI,Sports,688510,207
TmA_5oKF8q0,Sports,687993,125
AcGKgi4h7CA,Sports,679545,210
91_VUWLpx8Y,Sports,677224,125
uUksaD-JJgI,Sports,672369,374
H3q-gL9HN84,Sports,668665,97
VZBEVCPDo3g,Sports,668120,327
4eayV1x-Vzc,Sports,657354,105
bbaa2oTazMU,Sports,650464,141
RosbR3tISM0,Sports,649899,37
_UeOdqjB_7k,Sports,645365,207
z02GDd-XOZ0,Sports,645062,248
25Rftjjfros,Sports,644574,2
sBy4uNPyL9U,Sports,644509,277
BnHsqtWiDOU,Sports,642734,318
vF4iWIE77Ts,Sports,636469,20
iIeFiqpNmsM,Sports,634517,305
M0gYbxaNhHs,Sports,634008,18
ypIHiyzBxsA,Sports,632524,97
YhF_Zp8nM7o,Sports,629581,283
NIKdK-T-jZM,Sports,629114,99
UF9Pahclz3Y,Sports,625435,603
nR2ygFn-yR8,Sports,623819,420
guKNxIwTRdI,Sports,623185,205
ZcNY2t0h-HE,Sports,621777,265
OL5cSfxV5Gs,Sports,619810,232
QvVd9U5J-Xs,Sports,619140,313
v3DTAck4u6o,Sports,614595,399
4zy3YbEiYMc,Sports,613997,16
0ro32wB_D2Q,Sports,601643,57
D2slJ9CBnk0,Sports,592534,16
bQeUkUO5ZPo,Sports,591311,177
MYqOwt-MC8k,Sports,575926,63
FVf8jvHyI9k,Sports,568226,59
u6ctamTjELA,Sports,565555,124
gGrEHMvDEN8,Sports,557178,147
9UBYwGiyFjA,Sports,552959,24
i2AQjjZp6Jk,Sports,544478,25
25anhDOoKaA,Sports,532907,282
KFgkzOSBA2s,Sports,529722,619
YMJ0fxZaRD4,Sports,527806,1262
wqQhQSbe6fw,Sports,523034,27
_wczw4PlKuE,Sports,522017,15
YaBVZQUX4-w,Sports,512573,206
0THMNxwHEYM,Sports,508055,60
YSgSCki7Os4,Sports,506712,283
3_1Y8UoLIu4,Sports,504509,172
X2NHqSXftzU,Sports,504484,218
5K4aaQTdAcQ,Sports,498458,64
96eSrFlUVh0,Sports,492913,27
z8bVx43qlHo,Sports,479393,52
u0rMe2Vyb9E,Sports,477114,210
WAyTK6jF5o8,Sports,476665,56
UmfuDZ5Sa1Q,Sports,476591,225
YDNZzseSeJ8,Sports,475095,95
bNF_P281Uu4,Travel & Places,5231539,222
s5ipz_0uC_U,Travel & Places,1198840,299
6jJW7aSNCzU,Travel & Places,1143287,222
dVRUBIyRAYk,Travel & Places,1000309,68
lqbt6X4ZgEI,Travel & Places,921593,383
RIH1I1doUI4,Travel & Places,879577,152
AlPqL7IUT6M,Travel & Places,845180,89
_5QUdvUhCZc,Travel & Places,819974,105
m9A_vxIOB-I,Travel & Places,677876,66
CL6f3Cyh85w,Travel & Places,611786,374
8L7SxcBiDOY,Travel & Places,610636,55
bGkZSiENKIA,Travel & Places,600439,39
Yco1deXOzN8,Travel & Places,599951,157
eSoruzRkj7g,Travel & Places,565671,308
L39U44T7kYo,Travel & Places,538716,221
Ppl2TZ8mHkk,Travel & Places,523425,17
zG4ztixR2KM,Travel & Places,487502,81
oK4zDUawUbo,Travel & Places,459831,143
mUpeibKLf6o,Travel & Places,382233,114
bds7TK285bE,Travel & Places,369338,370
Am92x82ZBK4,Travel & Places,357162,72
G2Rvr_5qrH0,Travel & Places,316822,20
h3gdSHGcUU4,Travel & Places,301794,253
tIzycq8252Q,Travel & Places,299294,326
JFeSH655mas,Travel & Places,280905,98
6O693hI8Oco,Travel & Places,273857,41
tKEEIK4LzPU,Travel & Places,273268,27
V_3Ogv-bjO4,Travel & Places,269925,201
rwTFDKX7zLA,Travel & Places,227899,104
HbfLYjHjqH4,Travel & Places,223463,584
GfMJoYLNzLw,Travel & Places,222709,512
vaFItVVzTDI,Travel & Places,215418,483
hjNKZU0g_lU,Travel & Places,211972,16
xIvIWJbzimo,Travel & Places,207506,308
3Z9dJYkpesE,Travel & Places,199400,247
7WmMcqp670s,Travel & Places,197557,164
-_2gW3zwMMQ,Travel & Places,185102,398
dwiq4wOqg9o,Travel & Places,184598,249
ptK9QsskXh8,Travel & Places,184545,42
nC114g9p2ug,Travel & Places,176984,270
-QMaS4pB9rw,Travel & Places,174238,66
nBeuBwH8_Bo,Travel & Places,163407,599
tUmsUr5n2Vs,Travel & Places,163258,103
-OdFT21AhK8,Travel & Places,157100,397
9JevjtlDxzU,Travel & Places,153338,538
HIRdqVprm-4,Travel & Places,152982,206
enWiFcsBqIE,Travel & Places,150592,3794
JyFXVslYYzI,Travel & Places,146282,384
ryXab3Zusrg,Travel & Places,139441,198
AbaHpdWAUJg,Travel & Places,137853,284
n1zgDN1vpPQ,Travel & Places,137363,467
TBuX9egOyjM,Travel & Places,137229,39
kxBDOtMR7UM,Travel & Places,136107,295
yB2KvyiFUws,Travel & Places,133773,6
AcdnNs4rDJ4,Travel & Places,132027,132
ZDfj8BH6aos,Travel & Places,131461,248
LuNu2a4FGTI,Travel & Places,131161,490
WF6HCSraB04,Travel & Places,130691,586
QxtpB1FxARQ,Travel & Places,124915,448
leS6hCwy308,Travel & Places,121445,438
XQgnv_q8viM,Travel & Places,114280,438
eSvnOT_aXC8,Travel & Places,111135,249
MEvoy_owET8,Travel & Places,109673,921
sIBshbaha9U,Travel & Places,108934,637
N3srEUzISC0,Travel & Places,107888,106
EjXJgxrTQDc,Travel & Places,104191,368
UpyYnyViLq8,Travel & Places,103636,222
HJo7ZkLwkng,Travel & Places,101942,160
EgjkNxKitGA,Travel & Places,100125,383
qM7PepMokRw,Travel & Places,99807,598
waMBt6EnsT8,Travel & Places,99253,788
jm7VJiqL-ws,Travel & Places,98051,31
ToLE9XdcHDI,Travel & Places,97359,556
aJekIj6d0XE,Travel & Places,96679,922
WBMnJz740pA,Travel & Places,96205,451
y_dGVOXsyX0,Travel & Places,95073,149
0OKkoJ735hY,Travel & Places,94575,40
VJKwojbWm18,Travel & Places,94205,204
TZjDbzROidQ,Travel & Places,92761,542
Fs0kLjezqBQ,Travel & Places,92175,47
8rNNXdQa1rY,Travel & Places,91560,276
XNGpprwRymA,Travel & Places,89486,81
zmbEGcNG4B0,Travel & Places,89211,25
R6AOvStZS64,Travel & Places,88799,3252
NtQdfWwJgfU,Travel & Places,88309,186
hxJJtVyx2d0,Travel & Places,87910,64
TemK6CF6lF0,Travel & Places,87786,376
I8B2aXByuUo,Travel & Places,87458,600
S2rqZfVxP7w,Travel & Places,87177,99
TgENINXPrAM,Travel & Places,85673,2079
faRuOjqQNiE,Travel & Places,85208,579
mE4M72dCnkI,Travel & Places,84951,196
EXVQI6F7H5Q,Travel & Places,83419,36
o--Yi5P5akg,Travel & Places,83065,408
mj_lHoElFcM,Travel & Places,82450,29
X7t8LdaJxSg,Travel & Places,82047,72
lj5ijTswX_I,Travel & Places,81560,172
bRSTIUjhfa8,Travel & Places,81476,229
ZfbTO0GlONU,Travel & Places,81458,244
s4V_K4eEmbQ,Travel & Places,81175,184
